{"(0, 0)": 0.00086504721, "(0, 1)": 0.00087458862, "(0, 2)": 0.0014205191, "(0, 3)": 0.0014205191, "(0, 4)": 0.0016399501, "(0, 5)": 0.0016590872, "(0, 6)": 0.0020211811, "(0, 7)": 0.0021667202, "(0, 8)": 0.0021667202, "(0, 9)": 0.0021667202, "(0, 10)": 0.0021667202, "(0, 11)": 0.0021667202, "(0, 12)": 0.0021667202, "(0, 13)": 0.0020211811, "(0, 14)": 0.0016590872, "(0, 15)": 0.0016399501, "(0, 16)": 0.0014205191, "(0, 17)": 0.0014205191, "(0, 18)": 0.00087458862, "(0, 19)": 0.00086504721, "(1, 0)": 0.0012187677, "(1, 1)": 0.0014205191, "(1, 2)": 0.0016399501, "(1, 3)": 0.0017604797, "(1, 4)": 0.0021667202, "(1, 5)": 0.0021667202, "(1, 6)": 0.0021667202, "(1, 7)": 0.0024954996, "(1, 8)": 0.0024954996, "(1, 9)": 0.0024954996, "(1, 10)": 0.0024954996, "(1, 11)": 0.0024954996, "(1, 12)": 0.0024954996, "(1, 13)": 0.0021667202, "(1, 14)": 0.0021667202, "(1, 15)": 0.0021667202, "(1, 16)": 0.0017604797, "(1, 17)": 0.0016399501, "(1, 18)": 0.0014205191, "(1, 19)": 0.0012187677, "(2, 0)": 0.0014205191, "(2, 1)": 0.0016973967, "(2, 2)": 0.0021667202, "(2, 3)": 0.0021667202, "(2, 4)": 0.0024954996, "(2, 5)": 0.0024954996, "(2, 6)": 0.0027044662, "(2, 7)": 0.0027044662, "(2, 8)": 0.0027044662, "(2, 9)": 0.0027044662, "(2, 10)": 0.0027044662, "(2, 11)": 0.0027044662, "(2, 12)": 0.0027044662, "(2, 13)": 0.0027044662, "(2, 14)": 0.0024954996, "(2, 15)": 0.0024954996, "(2, 16)": 0.0021667202, "(2, 17)": 0.0021667202, "(2, 18)": 0.0016973967, "(2, 19)": 0.0014205191, "(3, 0)": 0.0020211811, "(3, 1)": 0.0021667202, "(3, 2)": 0.0024954996, "(3, 3)": 0.0024954996, "(3, 4)": 0.0027044662, "(3, 5)": 0.0027044662, "(3, 6)": 0.0029421007, "(3, 7)": 0.0029421007, "(3, 8)": 0.0029736719, "(3, 9)": 0.0029736719, "(3, 10)": 0.0029736719, "(3, 11)": 0.0029736719, "(3, 12)": 0.0029421007, "(3, 13)": 0.0029421007, "(3, 14)": 0.0027044662, "(3, 15)": 0.0027044662, "(3, 16)": 0.0024954996, "(3, 17)": 0.0024954996, "(3, 18)": 0.0021667202, "(3, 19)": 0.0020211811, "(4, 0)": 0.0021667202, "(4, 1)": 0.0024954996, "(4, 2)": 0.0027044662, "(4, 3)": 0.0027044662, "(4, 4)": 0.0029421007, "(4, 5)": 0.0029736719, "(4, 6)": 0.0029736719, "(4, 7)": 0.0031339222, "(4, 8)": 0.0031339222, "(4, 9)": 0.0031569678, "(4, 10)": 0.0031569678, "(4, 11)": 0.0031339222, "(4, 12)": 0.0031339222, "(4, 13)": 0.0029736719, "(4, 14)": 0.0029736719, "(4, 15)": 0.0029421007, "(4, 16)": 0.0027044662, "(4, 17)": 0.0027044662, "(4, 18)": 0.0024954996, "(4, 19)": 0.0021667202, "(5, 0)": 0.0024954996, "(5, 1)": 0.0027044662, "(5, 2)": 0.0029421007, "(5, 3)": 0.0029736719, "(5, 4)": 0.0031339222, "(5, 5)": 0.0031569678, "(5, 6)": 0.0032669436, "(5, 7)": 0.0033262158, "(5, 8)": 0.0033262158, "(5, 9)": 0.0034838296, "(5, 10)": 0.0034838296, "(5, 11)": 0.0033262158, "(5, 12)": 0.0033262158, "(5, 13)": 0.0032669436, "(5, 14)": 0.0031569678, "(5, 15)": 0.0031339222, "(5, 16)": 0.0029736719, "(5, 17)": 0.0029421007, "(5, 18)": 0.0027044662, "(5, 19)": 0.0024954996, "(6, 0)": 0.0027044662, "(6, 1)": 0.0029736719, "(6, 2)": 0.0029736719, "(6, 3)": 0.0031569678, "(6, 4)": 0.0033262158, "(6, 5)": 0.0034838296, "(6, 6)": 0.0034993763, "(6, 7)": 0.0036158291, "(6, 8)": 0.0036656653, "(6, 9)": 0.0036656653, "(6, 10)": 0.0036656653, "(6, 11)": 0.0036656653, "(6, 12)": 0.0036158291, "(6, 13)": 0.0034993763, "(6, 14)": 0.0034838296, "(6, 15)": 0.0033262158, "(6, 16)": 0.0031569678, "(6, 17)": 0.0029736719, "(6, 18)": 0.0029736719, "(6, 19)": 0.0027044662, "(7, 0)": 0.0029736719, "(7, 1)": 0.0031339222, "(7, 2)": 0.003352193, "(7, 3)": 0.00355427, "(7, 4)": 0.00355427, "(7, 5)": 0.0037439481, "(7, 6)": 0.0038754828, "(7, 7)": 0.0039020254, "(7, 8)": 0.0040279777, "(7, 9)": 0.0040747737, "(7, 10)": 0.0040747737, "(7, 11)": 0.0040279777, "(7, 12)": 0.0039020254, "(7, 13)": 0.0038754828, "(7, 14)": 0.0037439481, "(7, 15)": 0.00355427, "(7, 16)": 0.00355427, "(7, 17)": 0.003352193, "(7, 18)": 0.0031339222, "(7, 19)": 0.0029736719, "(8, 0)": 0.0031569678, "(8, 1)": 0.003352193, "(8, 2)": 0.0037224031, "(8, 3)": 0.0038522402, "(8, 4)": 0.004087176, "(8, 5)": 0.0042771404, "(8, 6)": 0.0044081215, "(8, 7)": 0.0044229899, "(8, 8)": 0.0044359418, "(8, 9)": 0.0046014055, "(8, 10)": 0.0046014055, "(8, 11)": 0.0044359418, "(8, 12)": 0.0044229899, "(8, 13)": 0.0044081215, "(8, 14)": 0.0042771404, "(8, 15)": 0.004087176, "(8, 16)": 0.0038522402, "(8, 17)": 0.0037224031, "(8, 18)": 0.003352193, "(8, 19)": 0.0031569678, "(9, 0)": 0.003352193, "(9, 1)": 0.0039156316, "(9, 2)": 0.0040141421, "(9, 3)": 0.0042427469, "(9, 4)": 0.0046593748, "(9, 5)": 0.004803455, "(9, 6)": 0.0048905631, "(9, 7)": 0.0049383125, "(9, 8)": 0.0051491047, "(9, 9)": 0.0051884375, "(9, 10)": 0.0051884375, "(9, 11)": 0.0051491047, "(9, 12)": 0.0049383125, "(9, 13)": 0.0048905631, "(9, 14)": 0.004803455, "(9, 15)": 0.0046593748, "(9, 16)": 0.0042427469, "(9, 17)": 0.0040141421, "(9, 18)": 0.0039156316, "(9, 19)": 0.003352193, "(10, 0)": 0.0037224031, "(10, 1)": 0.0041723094, "(10, 2)": 0.0045530319, "(10, 3)": 0.0047541802, "(10, 4)": 0.0049016162, "(10, 5)": 0.0051884375, "(10, 6)": 0.0053777267, "(10, 7)": 0.0055657597, "(10, 8)": 0.0056426006, "(10, 9)": 0.0057615896, "(10, 10)": 0.0057615896, "(10, 11)": 0.0056426006, "(10, 12)": 0.0055657597, "(10, 13)": 0.0053777267, "(10, 14)": 0.0051884375, "(10, 15)": 0.0049016162, "(10, 16)": 0.0047541802, "(10, 17)": 0.0045530319, "(10, 18)": 0.0041723094, "(10, 19)": 0.0037224031, "(11, 0)": 0.004047253, "(11, 1)": 0.0047400624, "(11, 2)": 0.0050910831, "(11, 3)": 0.0054485573, "(11, 4)": 0.0054485573, "(11, 5)": 0.0058005202, "(11, 6)": 0.0060586566, "(11, 7)": 0.006276175, "(11, 8)": 0.0064718953, "(11, 9)": 0.0065041431, "(11, 10)": 0.0065041431, "(11, 11)": 0.0064718953, "(11, 12)": 0.006276175, "(11, 13)": 0.0060586566, "(11, 14)": 0.0058005202, "(11, 15)": 0.0054485573, "(11, 16)": 0.0054485573, "(11, 17)": 0.0050910831, "(11, 18)": 0.0047400624, "(11, 19)": 0.004047253, "(12, 0)": 0.0047545988, "(12, 1)": 0.0052323445, "(12, 2)": 0.005788405, "(12, 3)": 0.0062512325, "(12, 4)": 0.006538686, "(12, 5)": 0.0065508603, "(12, 6)": 0.0065508603, "(12, 7)": 0.0071212259, "(12, 8)": 0.0071212259, "(12, 9)": 0.0073609942, "(12, 10)": 0.0073609942, "(12, 11)": 0.0071212259, "(12, 12)": 0.0071212259, "(12, 13)": 0.0065508603, "(12, 14)": 0.0065508603, "(12, 15)": 0.006538686, "(12, 16)": 0.0062512325, "(12, 17)": 0.005788405, "(12, 18)": 0.0052323445, "(12, 19)": 0.0047545988, "(13, 0)": 0.0050982555, "(13, 1)": 0.0059724659, "(13, 2)": 0.0063263008, "(13, 3)": 0.0068896907, "(13, 4)": 0.007121675, "(13, 5)": 0.0074737582, "(13, 6)": 0.0076718634, "(13, 7)": 0.0076718634, "(13, 8)": 0.0077784751, "(13, 9)": 0.0077784751, "(13, 10)": 0.0077784751, "(13, 11)": 0.0077784751, "(13, 12)": 0.0076718634, "(13, 13)": 0.0076718634, "(13, 14)": 0.0074737582, "(13, 15)": 0.007121675, "(13, 16)": 0.0068896907, "(13, 17)": 0.0063263008, "(13, 18)": 0.0059724659, "(13, 19)": 0.0050982555, "(14, 0)": 0.0056757627, "(14, 1)": 0.0068150948, "(14, 2)": 0.0074737582, "(14, 3)": 0.0075188481, "(14, 4)": 0.0080116242, "(14, 5)": 0.0084194268, "(14, 6)": 0.0084194268, "(14, 7)": 0.0086981102, "(14, 8)": 0.0087533584, "(14, 9)": 0.0087533584, "(14, 10)": 0.0087533584, "(14, 11)": 0.0087533584, "(14, 12)": 0.0086981102, "(14, 13)": 0.0084194268, "(14, 14)": 0.0084194268, "(14, 15)": 0.0080116242, "(14, 16)": 0.0075188481, "(14, 17)": 0.0074737582, "(14, 18)": 0.0068150948, "(14, 19)": 0.0056757627, "(15, 0)": 0.0064413135, "(15, 1)": 0.0072314041, "(15, 2)": 0.0074737582, "(15, 3)": 0.0080116242, "(15, 4)": 0.0084845379, "(15, 5)": 0.0086981102, "(15, 6)": 0.0088720429, "(15, 7)": 0.0095225655, "(15, 8)": 0.0097335847, "(15, 9)": 0.0097335847, "(15, 10)": 0.0097335847, "(15, 11)": 0.0097335847, "(15, 12)": 0.0095225655, "(15, 13)": 0.0088720429, "(15, 14)": 0.0086981102, "(15, 15)": 0.0084845379, "(15, 16)": 0.0080116242, "(15, 17)": 0.0074737582, "(15, 18)": 0.0072314041, "(15, 19)": 0.0064413135, "(16, 0)": 0.0068150948, "(16, 1)": 0.0078356262,